<?xml version="1.0" encoding="UTF-8" standalone="yes"?>
<addon id="repository.quantumrepo.android"
		name="QuantumRepo Android"
		version="0.1.1"
		provider-name="InvisibleQuantum">
  <requires>
    <import addon="xbmc.addon" version="12.0.0"/>
	<import addon="repository.quantumrepo" minversion="0.2.0" version="0.2.0"/>
  </requires>
	<extension point="xbmc.addon.repository" name="QuantumRepo Android">
		<info>https://raw.githubusercontent.com/InvisibleQuantum/repository.quantumrepo/Android/master/addons.xml</info>
		<checksum>https://raw.githubusercontent.com/InvisibleQuantum/repository.quantumrepo/master/addons.xml.md5</checksum>
		<datadir>https://raw.githubusercontent.com/InvisibleQuantum/repository.quantumrepo/Android/master/</datadir>
		<artdir>https://raw.githubusercontent.com/InvisibleQuantum/repository.quantumrepo/Android/master/</artdir>
		<hashes>false</hashes>
	</extension>
	<extension point="xbmc.addon.metadata">
		<summary lang="de_DE">InvisibleQuantum Kodi Repository für Android</summary>
		<summary lang="en_GB">InvisibleQuantum Kodi Repository for Android</summary>
		<summary lang="en_US">InvisibleQuantum Kodi Repository for Android</summary>
		<description lang="de_DE">InvisibleQuantum Kodi Repository für Android</description>
		<description lang="en_GB">InvisibleQuantum Kodi Repository for Android</description>
		<description lang="en_US">InvisibleQuantum Kodi Repository for Android</description>
		<disclaimer lang="de_DE">Fehler oder andere Anfragen hier melden: https://youtube.com/InvisibleQuantum/</disclaimer>
		<disclaimer lang="en_GB">Report bugs or other requests here: https://youtube.com/InvisibleQuantum/</disclaimer>
		<disclaimer lang="en_US">Report bugs or other requests here: https://youtube.com/InvisibleQuantum/</disclaimer>
		<platform>android</platform>
		<assets>
			<icon>resources/icon.png</icon>
			<fanart>resources/fanart.png</fanart>
			<screenshot>resources/fanart.png</screenshot>
			<screenshot>resources/fanart.png</screenshot>
			<screenshot>resources/fanart.png</screenshot>
		</assets>
	</extension>
</addon>
