<?xml version="1.0" encoding="UTF-8" standalone="yes"?>
<addon id="repository.quantumrepo" name="QuantumRepo" provider-name="InvisibleQuantum" version="0.0.6">
  <extension point="xbmc.addon.repository" name="QuantumRepo">
    <dir>
      <info compressed="false">https://raw.githubusercontent.com/InvisibleQuantum/repository.quantumrepo/master/addons.xml</info>
      <checksum>https://raw.githubusercontent.com/InvisibleQuantum/repository.quantumrepo/master/addons.xml.md5</checksum>
      <datadir zip="true">https://raw.githubusercontent.com/InvisibleQuantum/repository.quantumrepo/master/</datadir>
    </dir>
  </extension>
  <extension point="xbmc.addon.metadata">
    <platform>all</platform>
    <description lang="de_DE">InvisibleQuantum Kodi Repository</description>
    <description lang="en_GB">InvisibleQuantum Kodi Repository</description>
    <description lang="en_US">InvisibleQuantum Kodi Repository</description>
        <summary lang="de_DE">InvisibleQuantum Kodi Repository</summary>
        <summary lang="en_GB">InvisibleQuantum Kodi Repository</summary>
        <summary lang="en_US">InvisibleQuantum Kodi Repository</summary>
		<disclaimer lang="de_DE">Fehler oder andere Anfragen hier melden: https://youtube.com/InvisibleQuantum/</disclaimer>
		<disclaimer lang="en_GB">Report bugs or other requests here: https://youtube.com/InvisibleQuantum/</disclaimer>
		<disclaimer lang="en_US">Report bugs or other requests here: https://youtube.com/InvisibleQuantum/</disclaimer>
    <license>Apache License 2.0</license>
    <language>de en</language>
		<assets>
			<icon>resources/icon.png</icon>
			<fanart>resources/fanart.png</fanart>
			<screenshot>resources/fanart.png</screenshot>
			<screenshot>resources/fanart.png</screenshot>
			<screenshot>resources/fanart.png</screenshot>
		</assets>
    <website>https://www.youtube.com/user/InvisibleQuantum/</website>
	<source>https://github.com/InvisibleQuantum/repository.quantumrepo/</source>
    <news>v0.0.6  (2020-7-02)
		- Add Repository to Github</news>
  </extension>
</addon>
